Workbook
Name Aa: Calculs!$M$7
Name AlphaC: Calculs!$D$8
Name b: Calculs!$I$6
Name Botzman: Calculs!$D$7
Name DeltaT: Calculs!$D$4
Name EpsilonF: Calculs!$D$6
Name Expo: Calculs!$M$5
Name Galva: Calculs!$I$11
Name h: Calculs!$I$5
Name hw: Calculs!$I$10
Name ksh: Calculs!$M$11
Name ListeOuiNon: Calculs!$N$2:$N$3
Name ListExpo: Calculs!$M$2:$M$3
Name Massivete: Calculs!$M$8
Name MassiveteBox: Calculs!$M$10
Name Oui: Calculs!$N$2
Name p: Calculs!$M$6
Name pb: Calculs!$M$9
Name Phi: Calculs!$D$10
Name RhoA: Calculs!$D$9
Name rr: Calculs!$I$9
Name tf: Calculs!$I$7
Name Theta0: Calculs!$D$5
Name tw: Calculs!$I$8

Sheet Calculs
B2: CAS TEST F01 | M2: 3 | N2: oui
M3: 4 | N3: non
C4: Delta T | D4: 5 | E4: s | H4: Profilé | I4: IPE300
C5: Theta 0 | D5: 20 | E5: °C | H5: h | I5: 300 | J5: mm | L5: exposition | M5: 4 | N5: côtés
C6: Emissivité Feu | D6: 1 | H6: b | I6: 150 | J6: mm | L6: périmetre exposé | M6: =2*(h+2*b-tw+(PI()-3)*rr)-IF(Expo=3,b,0) -> 1190.0478 | N6: mm
C7: Boltzman | D7: 5.67 | E7: x10^-8 | H7: tf | I7: 10.7 | J7: mm | L7: Aa | M7: =2*b*tf+hw*tw+(4-PI())*rr^2 -> 5381.2017 | N7: mm2
C8: Coef de transfert de chaleur par convection | D8: 25 | H8: tw | I8: 7.1 | J8: mm | L8: Am/V | M8: =p/Aa*1000 -> 221.14908 | N8: 1/m
C9: RhoA | D9: 7850 | E9: kg/m3 | H9: r | I9: 15 | J9: mm | L9: périmètre exposé box | M9: =2*(h+b)-IF(Expo=3,b,0) -> 900 | N9: mm
C10: Facteur de forme | D10: 1 | H10: hw | I10: =h-2*tf -> 278.6 | J10: mm | L10: Am/Vb | M10: =pb/Aa*1000 -> 167.24889 | N10: 1/m
H11: Galvanisé | I11: non | L11: ksh | M11: =0.9*MassiveteBox/Massivete -> 0.68064494
B14: Temps | C14: Temps | D14: Temp. gaz | E14: Temp. acier | F14: Flux conv | G14: Flux radiatif | H14: Chaleur | I14: Delta | J14: Emissivité
B15: ti | C15: ti | D15: Theta g | E15: Theta m | F15: hnetc | G15: hnetr | H15: specif. ca | I15: Theta | J15: Acier
B16: (sec) | C16: (min) | D16: (°C) | E16: (°C) | H16: (J/(kg.K) | I16: (°C)
B17: 0 | C17: =B17/60 -> 0 | D17: =20+345*LOG(8*C17+1,10) -> 20 | E17: =Theta0 -> 20 | F17: =AlphaC*(D17-E17) -> 0 | G17: =Phi*EpsilonF*Botzman/10^8*J17*((D17+273)^4-(E17+273)^4) -> 0 | H17: =IF(E17<600,425+0.773*E17-1.69/1000*E17^2+2.22/1000^2*E17^3,IF(E17<735,666+13002/(738-E17),IF(E17<900,545+17820/(E17-731),650))) -> 439.80176 | I17: =ksh*Massivete/(H17*RhoA)*DeltaT*(F17+G17) -> 0 | J17: =IF(E17<=500,IF(Galva=Oui,0.35,0.7),0.7) -> 0.7
B18: =B17+DeltaT -> 5 | C18: =B18/60 -> 0.083333333 | D18: =20+345*LOG(8*C18+1,10) -> 96.537819 | E18: =E17+I17 -> 20 | F18: =AlphaC*(D18-E18) -> 1913.4455 | G18: =Phi*EpsilonF*Botzman/10^8*J18*((D18+273)^4-(E18+273)^4) -> 447.62743 | H18: =IF(E18<600,425+0.773*E18-1.69/1000*E18^2+2.22/1000^2*E18^3,IF(E18<735,666+13002/(738-E18),IF(E18<900,545+17820/(E18-731),650))) -> 439.80176 | I18: =ksh*Massivete/(H18*RhoA)*DeltaT*(F18+G18) -> 0.51470517 | J18: =IF(E18<=500,IF(Galva=Oui,0.35,0.7),0.7) -> 0.7
B19: =B18+DeltaT -> 10 | C19: =B19/60 -> 0.16666667 | D19: =20+345*LOG(8*C19+1,10) -> 146.95199 | E19: =E18+I18 -> 20.514705 | F19: =AlphaC*(D19-E19) -> 3160.9321 | G19: =Phi*EpsilonF*Botzman/10^8*J19*((D19+273)^4-(E19+273)^4) -> 939.88938 | H19: =IF(E19<600,425+0.773*E19-1.69/1000*E19^2+2.22/1000^2*E19^3,IF(E19<735,666+13002/(738-E19),IF(E19<900,545+17820/(E19-731),650))) -> 440.16579 | I19: =ksh*Massivete/(H19*RhoA)*DeltaT*(F19+G19) -> 0.89322461 | J19: =IF(E19<=500,IF(Galva=Oui,0.35,0.7),0.7) -> 0.7
B20: =B19+DeltaT -> 15 | C20: =B20/60 -> 0.25 | D20: =20+345*LOG(8*C20+1,10) -> 184.60683 | E20: =E19+I19 -> 21.40793 | F20: =AlphaC*(D20-E20) -> 4079.9726 | G20: =Phi*EpsilonF*Botzman/10^8*J20*((D20+273)^4-(E20+273)^4) -> 1442.2277 | H20: =IF(E20<600,425+0.773*E20-1.69/1000*E20^2+2.22/1000^2*E20^3,IF(E20<735,666+13002/(738-E20),IF(E20<900,545+17820/(E20-731),650))) -> 440.79558 | I20: =ksh*Massivete/(H20*RhoA)*DeltaT*(F20+G20) -> 1.2011051 | J20: =IF(E20<=500,IF(Galva=Oui,0.35,0.7),0.7) -> 0.7
B21: =B20+DeltaT -> 20 | C21: =B21/60 -> 0.33333333 | D21: =20+345*LOG(8*C21+1,10) -> 214.67364 | E21: =E20+I20 -> 22.609035 | F21: =AlphaC*(D21-E21) -> 4801.6152 | G21: =Phi*EpsilonF*Botzman/10^8*J21*((D21+273)^4-(E21+273)^4) -> 1941.8301 | H21: =IF(E21<600,425+0.773*E21-1.69/1000*E21^2+2.22/1000^2*E21^3,IF(E21<735,666+13002/(738-E21),IF(E21<900,545+17820/(E21-731),650))) -> 441.63857 | I21: =ksh*Massivete/(H21*RhoA)*DeltaT*(F21+G21) -> 1.4639322 | J21: =IF(E21<=500,IF(Galva=Oui,0.35,0.7),0.7) -> 0.7
B22: =B21+DeltaT -> 25 | C22: =B22/60 -> 0.41666667 | D22: =20+345*LOG(8*C22+1,10) -> 239.70362 | E22: =E21+I21 -> 24.072967 | F22: =AlphaC*(D22-E22) -> 5390.7664 | G22: =Phi*EpsilonF*Botzman/10^8*J22*((D22+273)^4-(E22+273)^4) -> 2433.3754 | H22: =IF(E22<600,425+0.773*E22-1.69/1000*E22^2+2.22/1000^2*E22^3,IF(E22<735,666+13002/(738-E22),IF(E22<900,545+17820/(E22-731),650))) -> 442.66001 | I22: =ksh*Massivete/(H22*RhoA)*DeltaT*(F22+G22) -> 1.6946208 | J22: =IF(E22<=500,IF(Galva=Oui,0.35,0.7),0.7) -> 0.7
B23: =B22+DeltaT -> 30 | C23: =B23/60 -> 0.5 | D23: =20+345*LOG(8*C23+1,10) -> 261.14465 | E23: =E22+I22 -> 25.767588 | F23: =AlphaC*(D23-E23) -> 5884.4266 | G23: =Phi*EpsilonF*Botzman/10^8*J23*((D23+273)^4-(E23+273)^4) -> 2914.6101 | H23: =IF(E23<600,425+0.773*E23-1.69/1000*E23^2+2.22/1000^2*E23^3,IF(E23<735,666+13002/(738-E23),IF(E23<900,545+17820/(E23-731),650))) -> 443.83422 | I23: =ksh*Massivete/(H23*RhoA)*DeltaT*(F23+G23) -> 1.9007301 | J23: =IF(E23<=500,IF(Galva=Oui,0.35,0.7),0.7) -> 0.7
B24: =B23+DeltaT -> 35 | C24: =B24/60 -> 0.58333333 | D24: =20+345*LOG(8*C24+1,10) -> 279.89804 | E24: =E23+I23 -> 27.668318 | F24: =AlphaC*(D24-E24) -> 6305.7432 | G24: =Phi*EpsilonF*Botzman/10^8*J24*((D24+273)^4-(E24+273)^4) -> 3384.6749 | H24: =IF(E24<600,425+0.773*E24-1.69/1000*E24^2+2.22/1000^2*E24^3,IF(E24<735,666+13002/(738-E24),IF(E24<900,545+17820/(E24-731),650))) -> 445.14088 | I24: =ksh*Massivete/(H24*RhoA)*DeltaT*(F24+G24) -> 2.0871379 | J24: =IF(E24<=500,IF(Galva=Oui,0.35,0.7),0.7) -> 0.7
B25: =B24+DeltaT -> 40 | C25: =B25/60 -> 0.66666667 | D25: =20+345*LOG(8*C25+1,10) -> 296.56316 | E25: =E24+I24 -> 29.755456 | F25: =AlphaC*(D25-E25) -> 6670.1926 | G25: =Phi*EpsilonF*Botzman/10^8*J25*((D25+273)^4-(E25+273)^4) -> 3843.3839 | H25: =IF(E25<600,425+0.773*E25-1.69/1000*E25^2+2.22/1000^2*E25^3,IF(E25<735,666+13002/(738-E25),IF(E25<900,545+17820/(E25-731),650))) -> 446.56315 | I25: =ksh*Massivete/(H25*RhoA)*DeltaT*(F25+G25) -> 2.257219 | J25: =IF(E25<=500,IF(Galva=Oui,0.35,0.7),0.7) -> 0.7
B26: =B25+DeltaT -> 45 | C26: =B26/60 -> 0.75 | D26: =20+345*LOG(8*C26+1,10) -> 311.55882 | E26: =E25+I25 -> 32.012675 | F26: =AlphaC*(D26-E26) -> 6988.6537 | G26: =Phi*EpsilonF*Botzman/10^8*J26*((D26+273)^4-(E26+273)^4) -> 4290.8845 | H26: =IF(E26<600,425+0.773*E26-1.69/1000*E26^2+2.22/1000^2*E26^3,IF(E26<735,666+13002/(738-E26),IF(E26<900,545+17820/(E26-731),650))) -> 448.0867 | I26: =ksh*Massivete/(H26*RhoA)*DeltaT*(F26+G26) -> 2.4134337 | J26: =IF(E26<=500,IF(Galva=Oui,0.35,0.7),0.7) -> 0.7
B27: =B26+DeltaT -> 50 | C27: =B27/60 -> 0.83333333 | D27: =20+345*LOG(8*C27+1,10) -> 325.18927 | E27: =E26+I26 -> 34.426108 | F27: =AlphaC*(D27-E27) -> 7269.0791 | G27: =Phi*EpsilonF*Botzman/10^8*J27*((D27+273)^4-(E27+273)^4) -> 4727.488 | H27: =IF(E27<600,425+0.773*E27-1.69/1000*E27^2+2.22/1000^2*E27^3,IF(E27<735,666+13002/(738-E27),IF(E27<900,545+17820/(E27-731),650))) -> 449.69904 | I27: =ksh*Massivete/(H27*RhoA)*DeltaT*(F27+G27) -> 2.55765 | J27: =IF(E27<=500,IF(Galva=Oui,0.35,0.7),0.7) -> 0.7
B28: =B27+DeltaT -> 55 | C28: =B28/60 -> 0.91666667 | D28: =20+345*LOG(8*C28+1,10) -> 337.68247 | E28: =E27+I27 -> 36.983758 | F28: =AlphaC*(D28-E28) -> 7517.4678 | G28: =Phi*EpsilonF*Botzman/10^8*J28*((D28+273)^4-(E28+273)^4) -> 5153.5801 | H28: =IF(E28<600,425+0.773*E28-1.69/1000*E28^2+2.22/1000^2*E28^3,IF(E28<735,666+13002/(738-E28),IF(E28<900,545+17820/(E28-731),650))) -> 451.38917 | I28: =ksh*Massivete/(H28*RhoA)*DeltaT*(F28+G28) -> 2.6913334 | J28: =IF(E28<=500,IF(Galva=Oui,0.35,0.7),0.7) -> 0.7
B29: =B28+DeltaT -> 60 | C29: =B29/60 -> 1 | D29: =20+345*LOG(8*C29+1,10) -> 349.21367 | E29: =E28+I28 -> 39.675092 | F29: =AlphaC*(D29-E29) -> 7738.4643 | G29: =Phi*EpsilonF*Botzman/10^8*J29*((D29+273)^4-(E29+273)^4) -> 5569.5734 | H29: =IF(E29<600,425+0.773*E29-1.69/1000*E29^2+2.22/1000^2*E29^3,IF(E29<735,666+13002/(738-E29),IF(E29<900,545+17820/(E29-731),650))) -> 453.14724 | I29: =ksh*Massivete/(H29*RhoA)*DeltaT*(F29+G29) -> 2.8156637 | J29: =IF(E29<=500,IF(Galva=Oui,0.35,0.7),0.7) -> 0.7
... B2969: =B2968+DeltaT -> 14760 | C2969: =B2969/60 -> 246 | D2969: =20+345*LOG(8*C2969+1,10) -> 1156.5148 | E2969: =E2968+I2968 -> 1155.8064 | F2969: =AlphaC*(D2969-E2969) -> 17.709789 | G2969: =Phi*EpsilonF*Botzman/10^8*J2969*((D2969+273)^4-(E2969+273)^4) -> 328.28995 | H2969: =IF(E2969<600,425+0.773*E2969-1.69/1000*E2969^2+2.22/1000^2*E2969^3,IF(E2969<735,666+13002/(738-E2969),IF(E2969<900,545+17820/(E2969-731),650))) -> 650 | I2969: =ksh*Massivete/(H2969*RhoA)*DeltaT*(F2969+G2969) -> 0.051035046 | J2969: =IF(E2969<=500,IF(Galva=Oui,0.35,0.7),0.7) -> 0.7

Sheet Echauffements
C3: Durée | D3: Theta Gaz | E3: Theta acier
C4: (min) | D4: (°C) | E4: (°C)
C5: 30 | D5: =VLOOKUP(C5,Calculs!$C$17:$E$2920,2) -> 841.79588 | E5: =VLOOKUP(C5,Calculs!$C$17:$E$2920,3) -> 814.85476
C6: 60 | D6: =VLOOKUP(C6,Calculs!$C$17:$E$2920,2) -> 945.34005 | E6: =VLOOKUP(C6,Calculs!$C$17:$E$2920,3) -> 940.60603
C7: 90 | D7: =VLOOKUP(C7,Calculs!$C$17:$E$2920,2) -> 1005.9877 | E7: =VLOOKUP(C7,Calculs!$C$17:$E$2920,3) -> 1003.2865
C8: 120 | D8: =VLOOKUP(C8,Calculs!$C$17:$E$2920,2) -> 1049.0396 | E8: =VLOOKUP(C8,Calculs!$C$17:$E$2920,3) -> 1047.2087
C9: 180 | D9: =VLOOKUP(C9,Calculs!$C$17:$E$2920,2) -> 1109.7391 | E9: =VLOOKUP(C9,Calculs!$C$17:$E$2920,3) -> 1108.6715
C10: 240 | D10: =VLOOKUP(C10,Calculs!$C$17:$E$2920,2) -> 1152.8169 | E10: =VLOOKUP(C10,Calculs!$C$17:$E$2920,3) -> 1152.0853
