Workbook
Name AireA: Feuil1!$E$16
Name As: Feuil1!$O$26
Name Av: Feuil1!$E$20
Name Avmin: Feuil1!$J$36
Name b: Feuil1!$E$12
Name bb: Feuil1!$E$27
Name beff_1: Feuil1!$O$4
Name beff_a: Feuil1!$O$5
Name bm: Feuil1!$E$32
Name bt: Feuil1!$E$28
Name c_z: Feuil1!$E$41
Name d: Feuil1!$E$6
Name dsc: Connexion!$D$4
Name dw: Feuil1!$E$19
Name e_s: Feuil1!$E$40
Name ebac: Feuil1!$E$26
Name Ecm: Feuil1!$J$9
Name Eta: Feuil1!$J$35
Name Ey: Feuil1!$J$6
Name Fck: Feuil1!$J$7
Name Fcm: Feuil1!$J$10
Name Fsk: Feuil1!$J$8
Name Fusc: Connexion!$D$6
Name Fy: Feuil1!$J$4
Name fybac: Feuil1!$E$30
Name g: Feuil1!$J$28
Name GammaC: Feuil1!$J$16
Name GammaG: Feuil1!$J$20
Name GammaM0: Feuil1!$J$14
Name GammaM1: Feuil1!$J$15
Name GammaQ: Feuil1!$J$21
Name GammaS: Feuil1!$J$17
Name GammaV: Feuil1!$J$18
Name hbac: Feuil1!$E$25
Name hsc: Connexion!$D$5
Name Ht: Feuil1!$E$11
Name hw: Feuil1!$E$18
Name kC: Feuil1!$O$53
Name La: Feuil1!$E$5
Name Le: Connexion!$H$60
Name Le_1: Feuil1!$O$7
Name Le_a: Feuil1!$O$8
Name LL: Feuil1!$E$4
Name MplaRd: Connexion!$M$78
Name MplRd_1: Feuil1!$O$19
Name MplRd_app: Feuil1!$O$37
Name mubac: Feuil1!$E$31
Name Na: Feuil1!$O$15
Name Nc: Feuil1!$O$14
Name Nf: Feuil1!$O$29
Name non: Feuil1!$T$3
Name Nr: Feuil1!$O$30
Name Ns: Feuil1!$O$25
Name Nu: Feuil1!$J$5
Name Nw: Feuil1!$O$31
Name oui: Feuil1!$T$2
Name p_1: Feuil1!$O$40
Name p_w: Feuil1!$R$40
Name PhiS: Feuil1!$E$39
Name PRd_dp: Connexion!$D$12

Sheet Feuil1
D2: Poutre | I2: Matériaux | N2: Largeurs participantes | T2: oui
T3: non
D4: Portee principale | E4: 10 | F4: m | I4: Fy | J4: 355 | K4: MPa | N4: Mi portée | O4: =MIN(d,Le_1/8*2) -> 2.125 | P4: m
D5: Portee console | E5: 3 | F5: m | I5: Nu | J5: 0.3 | N5: Appui | O5: =MIN(2*Le_a/8,d) -> 1.5 | P5: m
D6: Entraxe solives | E6: 2.5 | F6: m | I6: Ey | J6: 210000 | K6: MPa
I7: Fck | J7: 35 | K7: MPa | N7: Le mi portée | O7: =0.85*LL -> 8.5 | P7: m
D8: Profilé | I8: Fsk | J8: 500 | K8: MPa | N8: Le appui | O8: =2*La -> 6 | P8: m | Q8: =Le_a/8 -> 0.75
I9: Ecm | J9: =22*(Fcm/10)^0.3 -> 34.077146 | K9: GPa
E10: IPE360 | I10: Fcm | J10: =Fck+8 -> 43 | K10: MPa
D11: Ht | E11: 360 | F11: mm
D12: b | E12: 170 | F12: mm | I12: Coef. partiels | N12: Propriétés plastiques mi travée | U12: Vérifications
D13: tf | E13: 12.7 | F13: mm
D14: tw | E14: 8 | F14: mm | I14: GammaM0 | J14: 1 | N14: Nc | O14: =0.85*beff_1*tc*Fck/GammaC -> 3034.5 | P14: kN | U14: Flexion | V14: Sans prise en compte du degré de connexion
D15: rc | E15: 18 | F15: mm | I15: GammaM1 | J15: 1.1 | N15: Na | O15: =(AireA*Fy/1000)/GammaM0 -> 2581.888 | P15: kN
D16: Aa | E16: =b*tf*2+(Ht-2*tf)*tw+(4-PI())*rr^2 -> 7272.924 | F16: mm2 | I16: GammaC | J16: 1.5
E17: =AireA/100 -> 72.72924 | F17: cm2 | I17: GammaS | J17: 1.15 | N17: zn | O17: =tc*Na/Nc -> 61.260813 | P17: mm | W17: ELU 1 | Y17: ELU 2 | AA17: ELU 3
D18: hw | E18: =Ht-2*tf -> 334.6 | F18: mm | I18: GammaV | J18: 1.25 | V18: Flexion | W18: M>0 | X18: M<0 | Y18: M>0 | Z18: M<0 | AA18: M>0 | AB18: M<0
D19: dw | E19: =hw-2*rr -> 298.6 | F19: mm | N19: MplRd | O19: =Na*(Ht/2-zn/2+td)/1000 -> 721.301 | P19: kNm | Q19: (vrai pour Nc>Na) | V19: Travée console | X19: =ABS(MIN(Q64:Q74))/MplRd_app -> 0.80365439 | Z19: =ABS(MIN(S64:S74))/MplRd_app -> 0.16615603 | AB19: =ABS(MIN(U64:U74))/MplRd_app -> 0.80365439
D20: Av | E20: =(2*rr+tw)*tf+(Ht-2*tf)*tw+(4-PI())*rr^2 -> 3513.724 | F20: mm2 | I20: GammaG | J20: 1.35 | V20: Travée 2 | W20: =MAX(Q75:Q95)/MplRd_1 -> 0.086080605 | X20: =ABS(MIN(Q75:Q95))/MplRd_app -> 0.80365439 | Y20: =MAX(S75:S95)/MplRd_1 -> 1.2620142 | Z20: =ABS(MIN(S75:S95))/MplRd_app -> 0.16615603 | AA20: =MAX(U75:U95)/MplRd_1 -> 1.0853388 | AB20: =ABS(MIN(U75:U95))/MplRd_app -> 0.80365439
D21: Wpl | E21: 1019 | F21: cm3 | I21: GammaQ | J21: 1.5
N22: Propriétés plastiques sur appui | V22: Enveloppe | W22: M>0 | X22: M<0
D23: Bac | V23: Travée console | X23: =MAX(X19,Z19,AB19) -> 0.80365439
I24: Divers | N24: Na | O24: =(AireA*Fy/1000)/GammaM0 -> 2581.888 | P24: kN | V24: Travée 2 | W24: =MAX(W20,Y20,AA20) -> 1.2620142 | X24: =MAX(X20,Z20,AB20) -> 0.80365439
D25: hp | E25: 58 | F25: mm | N25: Ns | O25: =(As*Fsk/1000)/GammaS -> 728.48525 | P25: kN
D26: e | E26: 207 | F26: mm | I26: RhoA | J26: 7850 | K26: kg/m3 | N26: As | O26: =O27*PI()*PhiS^2/4 -> 1675.5161 | P26: mm2 | V26: Avec prise en compte degre connexion
D27: bb | E27: 62 | F27: mm | I27: RhoC | J27: 2500 | K27: kg/m3 | N27: Nombre armatures | O27: =beff_a/e_s*1000 -> 8.3333333 | V27: MplRd | W27: =Connexion!D74 -> 612.8023 | X27: =Connexion!E74 -> 626.00933 | Y27: =Connexion!F74 -> 640.27285
D28: bt | E28: 101 | F28: mm | I28: g | J28: 9.81 | K28: m/s2 | V28: MEd | W28: =MAX(Q75:Q95) -> 62.090027 | X28: =MAX(S75:S95) -> 910.29211 | Y28: =MAX(U75:U95) -> 782.85593
D29: t | E29: 0.75 | F29: mm | N29: Nf | O29: =b*tf*Fy/GammaM0/1000 -> 766.445 | P29: kN | W29: =W28/W27 -> 0.10132147 | X29: =X28/X27 -> 1.4541191 | Y29: =Y28/Y27 -> 1.2226911
D30: f | E30: 355 | F30: MPa | N30: Nr | O30: =(Na-2*Nf-Nw)/2 -> 100.48701 | P30: kN
D31: mu | E31: 8.53 | F31: kg/m2 | N31: Nw | O31: =dw*tw*Fy/1000/GammaM0 -> 848.024 | P31: kN
D32: bm | E32: =(bb+bt)/2 -> 81.5 | F32: mm | U32: Eff tranchant
I33: Résistance au cisaillement | N33: ANP dans la dalle ? | O33: =IF(Na<=Ns,uoi,non) -> non | W33: ELU 01 | X33: ELU 02 | Y33: ELU 03
D34: Dalle | N34: ANP dans la semelle ? | O34: =IF(AND(Ns<Na,Ns+Nf>Na-Nf),oui,non) -> non | P34: =O42 -> 524.81542 | V34: Console | W34: {=MAX(ABS(R64:R74))} -> 226.91476 | X34: {=MAX(ABS(T64:T74))} -> 46.914763 | Y34: {=MAX(ABS(V64:V74))} -> 226.91476
I35: Eta | J35: 1.2 | N35: ANP dans le congé ? | O35: =IF(AND(Ns>=Nw,Ns+Nf<Na-Nf),oui,non) -> non | V35: Travée | W35: {=MAX(ABS(R75:R95))} -> 112.22849 | X35: {=MAX(ABS(T75:T95))} -> 385.22849 | Y35: {=MAX(ABS(V75:V95))} -> 412.22849
D36: td | E36: 130 | F36: mm | I36: Avmin | J36: =hw*tw*Eta -> 3212.16 | K36: mm2 | N36: ANP dans l'âme droite ? | O36: =IF(Ns<Nw,oui,non) -> oui | P36: =R42 -> 423.5305
D37: tc | E37: =td-hbac -> 72 | F37: mm | I37: VplRd | J37: =MAX(Avmin,Av)*Fy/SQRT(3)/GammaM0/1000 -> 720.17057 | K37: kN | N37: MPlRd | O37: {=SUM(IF(O33:O36=oui,P33:P36,0))} -> 423.5305 | P37: kNm | V37: Critère | W37: ELU 01 | X37: ELU 02 | Y37: ELU 03
D38: Armatures | V38: Console | W38: =W34/VplRd -> 0.31508475 | X38: =X34/VplRd -> 0.06514396 | Y38: =Y34/VplRd -> 0.31508475
D39: Diamètre | E39: 16 | F39: mm | N39: Cas ANP dans la semelle | R39: Cas ANP dans l'âme | V39: Travée | W39: =W35/VplRd -> 0.15583598 | X39: =X35/VplRd -> 0.53491284 | Y39: =Y35/VplRd -> 0.57240396
D40: Entraxe | E40: 180 | F40: mm | N40: p | O40: =(Na-Ns)/2/Nf -> 1.2090905 | Q40: p | R40: =0.5-0.5*Ns/Nw -> 0.070480757
D41: Enrobage | E41: 20 | F41: mm | V41: Enveloppe
N42: MplRd | O42: =SUM(O44:O50) -> 524.81542 | P42: kNm | R42: =SUM(R44:R50) -> 423.5305 | S42: kNm | V42: Console | W42: =MAX(W38:Y38) -> 0.31508475
V43: Travée | W43: =MAX(W39:Y39) -> 0.57240396
N44: Armatures | O44: =Ns*(p_1*tf+td-c_z-PhiS/2)/1000 -> 85.491714 | P44: kNm | R44: =Ns*(p_w*dw+rr+tf+td-c_z-PhiS/2)/1000 -> 112.00137 | S44: kNm
N45: Semelle sup tendue | O45: =p_1*tf*Nf*p_1/2000 -> 7.1149581 | P45: kNm | Q45: S sup | R45: =Nf*(tf/2+rr+p_w*dw)/1000 -> 34.793195 | S45: kNm
N46: Semelle sup comprimée | O46: =(1-p_1)^2*tf*Nf/2000 -> 0.21277637 | P46: kNm | Q46: Congés sup | R46: =Nr*(rr-zR+p_w*dw)/1000 -> 3.2650047 | S46: kNm
N47: Rayon sup | O47: =Nr*((1-p_1)*tf+zR)/1000 -> 0.39172794 | P47: kNm | Q47: Âme tendue | R47: =p_w^2*dw*Nr/2000 -> 0.074526519 | S47: kNm
N48: Âme | O48: =Nw*(Ht/2-p_1*tf)/1000 -> 139.62253 | P48: kNm | Q48: Âme comp | R48: =(1-p_w)^2/2000*Nr*dw -> 12.962432 | S48: kNm
N49: Rayon inf | O49: =Nr*(Ht-p_1*tf-tf-zR)/1000 -> 32.697548 | P49: kNm | R49: =Nr*((1-p_w)*dw+rr-zR)/1000 -> 29.040815 | S49: kNm
N50: Semelle inf | O50: =Nf*(Ht-tf/2-p_1*tf)/1000 -> 259.28417 | P50: kNm | R50: =Nf*((1-p_w)*dw+rr+tf/2)/1000 -> 231.39315 | S50: kNm
D51: Chargement
N52: zr | O52: =(tw+(4-PI())*kC*rr)/(2*tw/rr+(4-PI())) -> 6.553744 | P52: mm
C53: G1 | D53: profilé | E53: =AireA/1000^2*RhoA*g/1000 -> 0.56007697 | F53: kN/m | N53: kC | O53: =(10-3*PI())/(12-3*PI()) -> 0.22336794
D54: bac | E54: =mubac*d*g/1000 -> 0.20919825 | F54: kN/m
D55: dalle | E55: =g*RhoC*d/1000*(tc+bm*hbac/ebac)/1000 -> 5.8146168 | F55: kN/m
D56: qG1 | E56: =SUM(E53:E55) -> 6.5838921 | F56: kN/m
D57: G2 | E57: =H57*d -> 5 | F57: kN/m | H57: 2 | I57: kN/m2
D58: Q | E58: =H58*d -> 40 | F58: kN/m | H58: 16 | I58: kN/m2
J61: Console | L61: Travée | N61: Les 2
F62: G1 | H62: G2 | J62: Q#1 | L62: Q#2 | N62: Q#3 | Q62: ELU#1 | S62: ELU#2 | U62: ELU#3
F63: M | G63: V | H63: M | I63: V | J63: M | K63: V | L63: M | M63: V | N63: M | O63: V | Q63: M | R63: V | S63: M | T63: V | U63: M | V63: V | W63: x
B64: Console | C64: 1 | D64: =La -> 3 | E64: =La-D64 -> 0 | F64: =-qG_1/2*(La-D64)^2 -> 0 | G64: =-qG_1*La*(1-D64/La) -> 0 | H64: =-qG_2/2*(La-D64)^2 -> 0 | I64: =-qG_2*La*(1-D64/La) -> 0 | J64: =-qQ/2*(La-D64)^2 -> 0 | K64: =-qQ*La*(1-D64/La) -> 0 | L64: 0 | M64: 0 | N64: =J64+L64 -> 0 | O64: =K64+M64 -> 0 | Q64: =GammaG*(F64+H64)+GammaQ*J64 -> 0 | R64: =GammaG*(G64+I64)+GammaQ*K64 -> 0 | S64: =GammaG*(F64+H64)+GammaQ*L64 -> 0 | T64: =GammaG*(G64+I64)+GammaQ*M64 -> 0 | U64: =GammaG*(F64+H64)+GammaQ*N64 -> 0 | V64: =GammaG*(G64+I64)+GammaQ*O64 -> 0
C65: 2 | D65: =D66+La/10 -> 2.7 | E65: =La-D65 -> 0.3 | F65: =-qG_1/2*(La-D65)^2 -> -0.29627514 | G65: =-qG_1*La*(1-D65/La) -> -1.9751676 | H65: =-qG_2/2*(La-D65)^2 -> -0.225 | I65: =-qG_2*La*(1-D65/La) -> -1.5 | J65: =-qQ/2*(La-D65)^2 -> -1.8 | K65: =-qQ*La*(1-D65/La) -> -12 | L65: 0 | M65: 0 | N65: =J65+L65 -> -1.8 | O65: =K65+M65 -> -12 | Q65: =GammaG*(F65+H65)+GammaQ*J65 -> -3.4037214 | R65: =GammaG*(G65+I65)+GammaQ*K65 -> -22.691476 | S65: =GammaG*(F65+H65)+GammaQ*L65 -> -0.70372144 | T65: =GammaG*(G65+I65)+GammaQ*M65 -> -4.6914763 | U65: =GammaG*(F65+H65)+GammaQ*N65 -> -3.4037214 | V65: =GammaG*(G65+I65)+GammaQ*O65 -> -22.691476
C66: 3 | D66: =D67+La/10 -> 2.4 | E66: =La-D66 -> 0.6 | F66: =-qG_1/2*(La-D66)^2 -> -1.1851006 | G66: =-qG_1*La*(1-D66/La) -> -3.9503352 | H66: =-qG_2/2*(La-D66)^2 -> -0.9 | I66: =-qG_2*La*(1-D66/La) -> -3 | J66: =-qQ/2*(La-D66)^2 -> -7.2 | K66: =-qQ*La*(1-D66/La) -> -24 | L66: 0 | M66: 0 | N66: =J66+L66 -> -7.2 | O66: =K66+M66 -> -24 | Q66: =GammaG*(F66+H66)+GammaQ*J66 -> -13.614886 | R66: =GammaG*(G66+I66)+GammaQ*K66 -> -45.382953 | S66: =GammaG*(F66+H66)+GammaQ*L66 -> -2.8148858 | T66: =GammaG*(G66+I66)+GammaQ*M66 -> -9.3829526 | U66: =GammaG*(F66+H66)+GammaQ*N66 -> -13.614886 | V66: =GammaG*(G66+I66)+GammaQ*O66 -> -45.382953
C67: 4 | D67: =D68+La/10 -> 2.1 | E67: =La-D67 -> 0.9 | F67: =-qG_1/2*(La-D67)^2 -> -2.6664763 | G67: =-qG_1*La*(1-D67/La) -> -5.9255029 | H67: =-qG_2/2*(La-D67)^2 -> -2.025 | I67: =-qG_2*La*(1-D67/La) -> -4.5 | J67: =-qQ/2*(La-D67)^2 -> -16.2 | K67: =-qQ*La*(1-D67/La) -> -36 | L67: 0 | M67: 0 | N67: =J67+L67 -> -16.2 | O67: =K67+M67 -> -36 | Q67: =GammaG*(F67+H67)+GammaQ*J67 -> -30.633493 | R67: =GammaG*(G67+I67)+GammaQ*K67 -> -68.074429 | S67: =GammaG*(F67+H67)+GammaQ*L67 -> -6.333493 | T67: =GammaG*(G67+I67)+GammaQ*M67 -> -14.074429 | U67: =GammaG*(F67+H67)+GammaQ*N67 -> -30.633493 | V67: =GammaG*(G67+I67)+GammaQ*O67 -> -68.074429
C68: 5 | D68: =D69+La/10 -> 1.8 | E68: =La-D68 -> 1.2 | F68: =-qG_1/2*(La-D68)^2 -> -4.7404023 | G68: =-qG_1*La*(1-D68/La) -> -7.9006705 | H68: =-qG_2/2*(La-D68)^2 -> -3.6 | I68: =-qG_2*La*(1-D68/La) -> -6 | J68: =-qQ/2*(La-D68)^2 -> -28.8 | K68: =-qQ*La*(1-D68/La) -> -48 | L68: 0 | M68: 0 | N68: =J68+L68 -> -28.8 | O68: =K68+M68 -> -48 | Q68: =GammaG*(F68+H68)+GammaQ*J68 -> -54.459543 | R68: =GammaG*(G68+I68)+GammaQ*K68 -> -90.765905 | S68: =GammaG*(F68+H68)+GammaQ*L68 -> -11.259543 | T68: =GammaG*(G68+I68)+GammaQ*M68 -> -18.765905 | U68: =GammaG*(F68+H68)+GammaQ*N68 -> -54.459543 | V68: =GammaG*(G68+I68)+GammaQ*O68 -> -90.765905
C69: 6 | D69: =D70+La/10 -> 1.5 | E69: =La-D69 -> 1.5 | F69: =-qG_1/2*(La-D69)^2 -> -7.4068786 | G69: =-qG_1*La*(1-D69/La) -> -9.8758381 | H69: =-qG_2/2*(La-D69)^2 -> -5.625 | I69: =-qG_2*La*(1-D69/La) -> -7.5 | J69: =-qQ/2*(La-D69)^2 -> -45 | K69: =-qQ*La*(1-D69/La) -> -60 | L69: 0 | M69: 0 | N69: =J69+L69 -> -45 | O69: =K69+M69 -> -60 | Q69: =GammaG*(F69+H69)+GammaQ*J69 -> -85.093036 | R69: =GammaG*(G69+I69)+GammaQ*K69 -> -113.45738 | S69: =GammaG*(F69+H69)+GammaQ*L69 -> -17.593036 | T69: =GammaG*(G69+I69)+GammaQ*M69 -> -23.457381 | U69: =GammaG*(F69+H69)+GammaQ*N69 -> -85.093036 | V69: =GammaG*(G69+I69)+GammaQ*O69 -> -113.45738
C70: 7 | D70: =D71+La/10 -> 1.2 | E70: =La-D70 -> 1.8 | F70: =-qG_1/2*(La-D70)^2 -> -10.665905 | G70: =-qG_1*La*(1-D70/La) -> -11.851006 | H70: =-qG_2/2*(La-D70)^2 -> -8.1 | I70: =-qG_2*La*(1-D70/La) -> -9 | J70: =-qQ/2*(La-D70)^2 -> -64.8 | K70: =-qQ*La*(1-D70/La) -> -72 | L70: 0 | M70: 0 | N70: =J70+L70 -> -64.8 | O70: =K70+M70 -> -72 | Q70: =GammaG*(F70+H70)+GammaQ*J70 -> -122.53397 | R70: =GammaG*(G70+I70)+GammaQ*K70 -> -136.14886 | S70: =GammaG*(F70+H70)+GammaQ*L70 -> -25.333972 | T70: =GammaG*(G70+I70)+GammaQ*M70 -> -28.148858 | U70: =GammaG*(F70+H70)+GammaQ*N70 -> -122.53397 | V70: =GammaG*(G70+I70)+GammaQ*O70 -> -136.14886
C71: 8 | D71: =D72+La/10 -> 0.9 | E71: =La-D71 -> 2.1 | F71: =-qG_1/2*(La-D71)^2 -> -14.517482 | G71: =-qG_1*La*(1-D71/La) -> -13.826173 | H71: =-qG_2/2*(La-D71)^2 -> -11.025 | I71: =-qG_2*La*(1-D71/La) -> -10.5 | J71: =-qQ/2*(La-D71)^2 -> -88.2 | K71: =-qQ*La*(1-D71/La) -> -84 | L71: 0 | M71: 0 | N71: =J71+L71 -> -88.2 | O71: =K71+M71 -> -84 | Q71: =GammaG*(F71+H71)+GammaQ*J71 -> -166.78235 | R71: =GammaG*(G71+I71)+GammaQ*K71 -> -158.84033 | S71: =GammaG*(F71+H71)+GammaQ*L71 -> -34.482351 | T71: =GammaG*(G71+I71)+GammaQ*M71 -> -32.840334 | U71: =GammaG*(F71+H71)+GammaQ*N71 -> -166.78235 | V71: =GammaG*(G71+I71)+GammaQ*O71 -> -158.84033
C72: 9 | D72: =D73+La/10 -> 0.6 | E72: =La-D72 -> 2.4 | F72: =-qG_1/2*(La-D72)^2 -> -18.961609 | G72: =-qG_1*La*(1-D72/La) -> -15.801341 | H72: =-qG_2/2*(La-D72)^2 -> -14.4 | I72: =-qG_2*La*(1-D72/La) -> -12 | J72: =-qQ/2*(La-D72)^2 -> -115.2 | K72: =-qQ*La*(1-D72/La) -> -96 | L72: 0 | M72: 0 | N72: =J72+L72 -> -115.2 | O72: =K72+M72 -> -96 | Q72: =GammaG*(F72+H72)+GammaQ*J72 -> -217.83817 | R72: =GammaG*(G72+I72)+GammaQ*K72 -> -181.53181 | S72: =GammaG*(F72+H72)+GammaQ*L72 -> -45.038172 | T72: =GammaG*(G72+I72)+GammaQ*M72 -> -37.53181 | U72: =GammaG*(F72+H72)+GammaQ*N72 -> -217.83817 | V72: =GammaG*(G72+I72)+GammaQ*O72 -> -181.53181
C73: 10 | D73: =D74+La/10 -> 0.3 | E73: =La-D73 -> 2.7 | F73: =-qG_1/2*(La-D73)^2 -> -23.998287 | G73: =-qG_1*La*(1-D73/La) -> -17.776509 | H73: =-qG_2/2*(La-D73)^2 -> -18.225 | I73: =-qG_2*La*(1-D73/La) -> -13.5 | J73: =-qQ/2*(La-D73)^2 -> -145.8 | K73: =-qQ*La*(1-D73/La) -> -108 | L73: 0 | M73: 0 | N73: =J73+L73 -> -145.8 | O73: =K73+M73 -> -108 | Q73: =GammaG*(F73+H73)+GammaQ*J73 -> -275.70144 | R73: =GammaG*(G73+I73)+GammaQ*K73 -> -204.22329 | S73: =GammaG*(F73+H73)+GammaQ*L73 -> -57.001437 | T73: =GammaG*(G73+I73)+GammaQ*M73 -> -42.223287 | U73: =GammaG*(F73+H73)+GammaQ*N73 -> -275.70144 | V73: =GammaG*(G73+I73)+GammaQ*O73 -> -204.22329
C74: 11 | D74: 0 | E74: =La-D74 -> 3 | F74: =-qG_1/2*(La-D74)^2 -> -29.627514 | G74: =-qG_1*La*(1-D74/La) -> -19.751676 | H74: =-qG_2/2*(La-D74)^2 -> -22.5 | I74: =-qG_2*La*(1-D74/La) -> -15 | J74: =-qQ/2*(La-D74)^2 -> -180 | K74: =-qQ*La*(1-D74/La) -> -120 | L74: 0 | M74: 0 | N74: =J74+L74 -> -180 | O74: =K74+M74 -> -120 | Q74: =GammaG*(F74+H74)+GammaQ*J74 -> -340.37214 | R74: =GammaG*(G74+I74)+GammaQ*K74 -> -226.91476 | S74: =GammaG*(F74+H74)+GammaQ*L74 -> -70.372144 | T74: =GammaG*(G74+I74)+GammaQ*M74 -> -46.914763 | U74: =GammaG*(F74+H74)+GammaQ*N74 -> -340.37214 | V74: =GammaG*(G74+I74)+GammaQ*O74 -> -226.91476
B75: Travée | C75: 1 | D75: 0 | F75: =-qG_1*La^2/2*(LL-D75)/LL+qG_1*(D75*(LL-D75))/2 -> -29.627514 | G75: =+qG_1*La^2/2/LL+qG_1/2*(LL-2*D75) -> 35.882212 | H75: =-qG_2*La^2/2*(LL-D75)/LL+qG_2*(D75*(LL-D75))/2 -> -22.5 | I75: =+qG_2*La^2/2/LL+qG_2/2*(LL-2*D75) -> 27.25 | J75: =-qQ*La^2/2*(LL-D75)/LL -> -180 | K75: =+qQ*La^2/2/LL -> 18 | L75: =qQ*(D75*(LL-D75))/2 -> 0 | M75: =qQ/2*(LL-2*D75) -> 200 | N75: =J75+L75 -> -180 | O75: =K75+M75 -> 218 | Q75: =GammaG*(F75+H75)+GammaQ*J75 -> -340.37214 | R75: =GammaG*(G75+I75)+GammaQ*K75 -> 112.22849 | S75: =GammaG*(F75+H75)+GammaQ*L75 -> -70.372144 | T75: =GammaG*(G75+I75)+GammaQ*M75 -> 385.22849 | U75: =GammaG*(F75+H75)+GammaQ*N75 -> -340.37214 | V75: =GammaG*(G75+I75)+GammaQ*O75 -> 412.22849 | W75: =D75 -> 0
C76: 2 | D76: =D75+LL/20 -> 0.5 | F76: =-qG_1*La^2/2*(LL-D76)/LL+qG_1*(D76*(LL-D76))/2 -> -12.509395 | G76: =+qG_1*La^2/2/LL+qG_1/2*(LL-2*D76) -> 32.590266 | H76: =-qG_2*La^2/2*(LL-D76)/LL+qG_2*(D76*(LL-D76))/2 -> -9.5 | I76: =+qG_2*La^2/2/LL+qG_2/2*(LL-2*D76) -> 24.75 | J76: =-qQ*La^2/2*(LL-D76)/LL -> -171 | K76: =+qQ*La^2/2/LL -> 18 | L76: =qQ*(D76*(LL-D76))/2 -> 95 | M76: =qQ/2*(LL-2*D76) -> 180 | N76: =J76+L76 -> -76 | O76: =K76+M76 -> 198 | Q76: =GammaG*(F76+H76)+GammaQ*J76 -> -286.21268 | R76: =GammaG*(G76+I76)+GammaQ*K76 -> 104.40936 | S76: =GammaG*(F76+H76)+GammaQ*L76 -> 112.78732 | T76: =GammaG*(G76+I76)+GammaQ*M76 -> 347.40936 | U76: =GammaG*(F76+H76)+GammaQ*N76 -> -143.71268 | V76: =GammaG*(G76+I76)+GammaQ*O76 -> 374.40936 | W76: =D76 -> 0.5
C77: 3 | D77: =D76+LL/20 -> 1 | F77: =-qG_1*La^2/2*(LL-D77)/LL+qG_1*(D77*(LL-D77))/2 -> 2.9627514 | G77: =+qG_1*La^2/2/LL+qG_1/2*(LL-2*D77) -> 29.29832 | H77: =-qG_2*La^2/2*(LL-D77)/LL+qG_2*(D77*(LL-D77))/2 -> 2.25 | I77: =+qG_2*La^2/2/LL+qG_2/2*(LL-2*D77) -> 22.25 | J77: =-qQ*La^2/2*(LL-D77)/LL -> -162 | K77: =+qQ*La^2/2/LL -> 18 | L77: =qQ*(D77*(LL-D77))/2 -> 180 | M77: =qQ/2*(LL-2*D77) -> 160 | N77: =J77+L77 -> 18 | O77: =K77+M77 -> 178 | Q77: =GammaG*(F77+H77)+GammaQ*J77 -> -235.96279 | R77: =GammaG*(G77+I77)+GammaQ*K77 -> 96.590232 | S77: =GammaG*(F77+H77)+GammaQ*L77 -> 277.03721 | T77: =GammaG*(G77+I77)+GammaQ*M77 -> 309.59023 | U77: =GammaG*(F77+H77)+GammaQ*N77 -> 34.037214 | V77: =GammaG*(G77+I77)+GammaQ*O77 -> 336.59023 | W77: =D77 -> 1
C78: 4 | D78: =D77+LL/20 -> 1.5 | F78: =-qG_1*La^2/2*(LL-D78)/LL+qG_1*(D78*(LL-D78))/2 -> 16.788925 | G78: =+qG_1*La^2/2/LL+qG_1/2*(LL-2*D78) -> 26.006374 | H78: =-qG_2*La^2/2*(LL-D78)/LL+qG_2*(D78*(LL-D78))/2 -> 12.75 | I78: =+qG_2*La^2/2/LL+qG_2/2*(LL-2*D78) -> 19.75 | J78: =-qQ*La^2/2*(LL-D78)/LL -> -153 | K78: =+qQ*La^2/2/LL -> 18 | L78: =qQ*(D78*(LL-D78))/2 -> 255 | M78: =qQ/2*(LL-2*D78) -> 140 | N78: =J78+L78 -> 102 | O78: =K78+M78 -> 158 | Q78: =GammaG*(F78+H78)+GammaQ*J78 -> -189.62245 | R78: =GammaG*(G78+I78)+GammaQ*K78 -> 88.771104 | S78: =GammaG*(F78+H78)+GammaQ*L78 -> 422.37755 | T78: =GammaG*(G78+I78)+GammaQ*M78 -> 271.7711 | U78: =GammaG*(F78+H78)+GammaQ*N78 -> 192.87755 | V78: =GammaG*(G78+I78)+GammaQ*O78 -> 298.7711 | W78: =D78 -> 1.5
C79: 5 | D79: =D78+LL/20 -> 2 | F79: =-qG_1*La^2/2*(LL-D79)/LL+qG_1*(D79*(LL-D79))/2 -> 28.969125 | G79: =+qG_1*La^2/2/LL+qG_1/2*(LL-2*D79) -> 22.714428 | H79: =-qG_2*La^2/2*(LL-D79)/LL+qG_2*(D79*(LL-D79))/2 -> 22 | I79: =+qG_2*La^2/2/LL+qG_2/2*(LL-2*D79) -> 17.25 | J79: =-qQ*La^2/2*(LL-D79)/LL -> -144 | K79: =+qQ*La^2/2/LL -> 18 | L79: =qQ*(D79*(LL-D79))/2 -> 320 | M79: =qQ/2*(LL-2*D79) -> 120 | N79: =J79+L79 -> 176 | O79: =K79+M79 -> 138 | Q79: =GammaG*(F79+H79)+GammaQ*J79 -> -147.19168 | R79: =GammaG*(G79+I79)+GammaQ*K79 -> 80.951977 | S79: =GammaG*(F79+H79)+GammaQ*L79 -> 548.80832 | T79: =GammaG*(G79+I79)+GammaQ*M79 -> 233.95198 | U79: =GammaG*(F79+H79)+GammaQ*N79 -> 332.80832 | V79: =GammaG*(G79+I79)+GammaQ*O79 -> 260.95198 | W79: =D79 -> 2
C80: 6 | D80: =D79+LL/20 -> 2.5 | F80: =-qG_1*La^2/2*(LL-D80)/LL+qG_1*(D80*(LL-D80))/2 -> 39.503352 | G80: =+qG_1*La^2/2/LL+qG_1/2*(LL-2*D80) -> 19.422482 | H80: =-qG_2*La^2/2*(LL-D80)/LL+qG_2*(D80*(LL-D80))/2 -> 30 | I80: =+qG_2*La^2/2/LL+qG_2/2*(LL-2*D80) -> 14.75 | J80: =-qQ*La^2/2*(LL-D80)/LL -> -135 | K80: =+qQ*La^2/2/LL -> 18 | L80: =qQ*(D80*(LL-D80))/2 -> 375 | M80: =qQ/2*(LL-2*D80) -> 100 | N80: =J80+L80 -> 240 | O80: =K80+M80 -> 118 | Q80: =GammaG*(F80+H80)+GammaQ*J80 -> -108.67047 | R80: =GammaG*(G80+I80)+GammaQ*K80 -> 73.13285 | S80: =GammaG*(F80+H80)+GammaQ*L80 -> 656.32953 | T80: =GammaG*(G80+I80)+GammaQ*M80 -> 196.13285 | U80: =GammaG*(F80+H80)+GammaQ*N80 -> 453.82953 | V80: =GammaG*(G80+I80)+GammaQ*O80 -> 223.13285 | W80: =D80 -> 2.5
C81: 7 | D81: =D80+LL/20 -> 3 | F81: =-qG_1*La^2/2*(LL-D81)/LL+qG_1*(D81*(LL-D81))/2 -> 48.391607 | G81: =+qG_1*La^2/2/LL+qG_1/2*(LL-2*D81) -> 16.130536 | H81: =-qG_2*La^2/2*(LL-D81)/LL+qG_2*(D81*(LL-D81))/2 -> 36.75 | I81: =+qG_2*La^2/2/LL+qG_2/2*(LL-2*D81) -> 12.25 | J81: =-qQ*La^2/2*(LL-D81)/LL -> -126 | K81: =+qQ*La^2/2/LL -> 18 | L81: =qQ*(D81*(LL-D81))/2 -> 420 | M81: =qQ/2*(LL-2*D81) -> 80 | N81: =J81+L81 -> 294 | O81: =K81+M81 -> 98 | Q81: =GammaG*(F81+H81)+GammaQ*J81 -> -74.058831 | R81: =GammaG*(G81+I81)+GammaQ*K81 -> 65.313723 | S81: =GammaG*(F81+H81)+GammaQ*L81 -> 744.94117 | T81: =GammaG*(G81+I81)+GammaQ*M81 -> 158.31372 | U81: =GammaG*(F81+H81)+GammaQ*N81 -> 555.94117 | V81: =GammaG*(G81+I81)+GammaQ*O81 -> 185.31372 | W81: =D81 -> 3
C82: 8 | D82: =D81+LL/20 -> 3.5 | F82: =-qG_1*La^2/2*(LL-D82)/LL+qG_1*(D82*(LL-D82))/2 -> 55.633888 | G82: =+qG_1*La^2/2/LL+qG_1/2*(LL-2*D82) -> 12.83859 | H82: =-qG_2*La^2/2*(LL-D82)/LL+qG_2*(D82*(LL-D82))/2 -> 42.25 | I82: =+qG_2*La^2/2/LL+qG_2/2*(LL-2*D82) -> 9.75 | J82: =-qQ*La^2/2*(LL-D82)/LL -> -117 | K82: =+qQ*La^2/2/LL -> 18 | L82: =qQ*(D82*(LL-D82))/2 -> 455 | M82: =qQ/2*(LL-2*D82) -> 60 | N82: =J82+L82 -> 338 | O82: =K82+M82 -> 78 | Q82: =GammaG*(F82+H82)+GammaQ*J82 -> -43.356751 | R82: =GammaG*(G82+I82)+GammaQ*K82 -> 57.494596 | S82: =GammaG*(F82+H82)+GammaQ*L82 -> 814.64325 | T82: =GammaG*(G82+I82)+GammaQ*M82 -> 120.4946 | U82: =GammaG*(F82+H82)+GammaQ*N82 -> 639.14325 | V82: =GammaG*(G82+I82)+GammaQ*O82 -> 147.4946 | W82: =D82 -> 3.5
C83: 9 | D83: =D82+LL/20 -> 4 | F83: =-qG_1*La^2/2*(LL-D83)/LL+qG_1*(D83*(LL-D83))/2 -> 61.230196 | G83: =+qG_1*La^2/2/LL+qG_1/2*(LL-2*D83) -> 9.5466435 | H83: =-qG_2*La^2/2*(LL-D83)/LL+qG_2*(D83*(LL-D83))/2 -> 46.5 | I83: =+qG_2*La^2/2/LL+qG_2/2*(LL-2*D83) -> 7.25 | J83: =-qQ*La^2/2*(LL-D83)/LL -> -108 | K83: =+qQ*La^2/2/LL -> 18 | L83: =qQ*(D83*(LL-D83))/2 -> 480 | M83: =qQ/2*(LL-2*D83) -> 40 | N83: =J83+L83 -> 372 | O83: =K83+M83 -> 58 | Q83: =GammaG*(F83+H83)+GammaQ*J83 -> -16.564235 | R83: =GammaG*(G83+I83)+GammaQ*K83 -> 49.675469 | S83: =GammaG*(F83+H83)+GammaQ*L83 -> 865.43576 | T83: =GammaG*(G83+I83)+GammaQ*M83 -> 82.675469 | U83: =GammaG*(F83+H83)+GammaQ*N83 -> 703.43576 | V83: =GammaG*(G83+I83)+GammaQ*O83 -> 109.67547 | W83: =D83 -> 4
C84: 10 | D84: =D83+LL/20 -> 4.5 | F84: =-qG_1*La^2/2*(LL-D84)/LL+qG_1*(D84*(LL-D84))/2 -> 65.180531 | G84: =+qG_1*La^2/2/LL+qG_1/2*(LL-2*D84) -> 6.2546975 | H84: =-qG_2*La^2/2*(LL-D84)/LL+qG_2*(D84*(LL-D84))/2 -> 49.5 | I84: =+qG_2*La^2/2/LL+qG_2/2*(LL-2*D84) -> 4.75 | J84: =-qQ*La^2/2*(LL-D84)/LL -> -99 | K84: =+qQ*La^2/2/LL -> 18 | L84: =qQ*(D84*(LL-D84))/2 -> 495 | M84: =qQ/2*(LL-2*D84) -> 20 | N84: =J84+L84 -> 396 | O84: =K84+M84 -> 38 | Q84: =GammaG*(F84+H84)+GammaQ*J84 -> 6.3187174 | R84: =GammaG*(G84+I84)+GammaQ*K84 -> 41.856342 | S84: =GammaG*(F84+H84)+GammaQ*L84 -> 897.31872 | T84: =GammaG*(G84+I84)+GammaQ*M84 -> 44.856342 | U84: =GammaG*(F84+H84)+GammaQ*N84 -> 748.81872 | V84: =GammaG*(G84+I84)+GammaQ*O84 -> 71.856342 | W84: =D84 -> 4.5
C85: 11 | D85: =D84+LL/20 -> 5 | F85: =-qG_1*La^2/2*(LL-D85)/LL+qG_1*(D85*(LL-D85))/2 -> 67.484894 | G85: =+qG_1*La^2/2/LL+qG_1/2*(LL-2*D85) -> 2.9627514 | H85: =-qG_2*La^2/2*(LL-D85)/LL+qG_2*(D85*(LL-D85))/2 -> 51.25 | I85: =+qG_2*La^2/2/LL+qG_2/2*(LL-2*D85) -> 2.25 | J85: =-qQ*La^2/2*(LL-D85)/LL -> -90 | K85: =+qQ*La^2/2/LL -> 18 | L85: =qQ*(D85*(LL-D85))/2 -> 500 | M85: =qQ/2*(LL-2*D85) -> 0 | N85: =J85+L85 -> 410 | O85: =K85+M85 -> 18 | Q85: =GammaG*(F85+H85)+GammaQ*J85 -> 25.292106 | R85: =GammaG*(G85+I85)+GammaQ*K85 -> 34.037214 | S85: =GammaG*(F85+H85)+GammaQ*L85 -> 910.29211 | T85: =GammaG*(G85+I85)+GammaQ*M85 -> 7.0372144 | U85: =GammaG*(F85+H85)+GammaQ*N85 -> 775.29211 | V85: =GammaG*(G85+I85)+GammaQ*O85 -> 34.037214 | W85: =D85 -> 5
C86: 12 | D86: =D85+LL/20 -> 5.5 | F86: =-qG_1*La^2/2*(LL-D86)/LL+qG_1*(D86*(LL-D86))/2 -> 68.143283 | G86: =+qG_1*La^2/2/LL+qG_1/2*(LL-2*D86) -> -0.3291946 | H86: =-qG_2*La^2/2*(LL-D86)/LL+qG_2*(D86*(LL-D86))/2 -> 51.75 | I86: =+qG_2*La^2/2/LL+qG_2/2*(LL-2*D86) -> -0.25 | J86: =-qQ*La^2/2*(LL-D86)/LL -> -81 | K86: =+qQ*La^2/2/LL -> 18 | L86: =qQ*(D86*(LL-D86))/2 -> 495 | M86: =qQ/2*(LL-2*D86) -> -20 | N86: =J86+L86 -> 414 | O86: =K86+M86 -> -2 | Q86: =GammaG*(F86+H86)+GammaQ*J86 -> 40.355932 | R86: =GammaG*(G86+I86)+GammaQ*K86 -> 26.218087 | S86: =GammaG*(F86+H86)+GammaQ*L86 -> 904.35593 | T86: =GammaG*(G86+I86)+GammaQ*M86 -> -30.781913 | U86: =GammaG*(F86+H86)+GammaQ*N86 -> 782.85593 | V86: =GammaG*(G86+I86)+GammaQ*O86 -> -3.7819127 | W86: =D86 -> 5.5
C87: 13 | D87: =D86+LL/20 -> 6 | F87: =-qG_1*La^2/2*(LL-D87)/LL+qG_1*(D87*(LL-D87))/2 -> 67.155699 | G87: =+qG_1*La^2/2/LL+qG_1/2*(LL-2*D87) -> -3.6211406 | H87: =-qG_2*La^2/2*(LL-D87)/LL+qG_2*(D87*(LL-D87))/2 -> 51 | I87: =+qG_2*La^2/2/LL+qG_2/2*(LL-2*D87) -> -2.75 | J87: =-qQ*La^2/2*(LL-D87)/LL -> -72 | K87: =+qQ*La^2/2/LL -> 18 | L87: =qQ*(D87*(LL-D87))/2 -> 480 | M87: =qQ/2*(LL-2*D87) -> -40 | N87: =J87+L87 -> 408 | O87: =K87+M87 -> -22 | Q87: =GammaG*(F87+H87)+GammaQ*J87 -> 51.510194 | R87: =GammaG*(G87+I87)+GammaQ*K87 -> 18.39896 | S87: =GammaG*(F87+H87)+GammaQ*L87 -> 879.51019 | T87: =GammaG*(G87+I87)+GammaQ*M87 -> -68.60104 | U87: =GammaG*(F87+H87)+GammaQ*N87 -> 771.51019 | V87: =GammaG*(G87+I87)+GammaQ*O87 -> -41.60104 | W87: =D87 -> 6
... C95: 21 | D95: =D94+LL/20 -> 10 | F95: =-qG_1*La^2/2*(LL-D95)/LL+qG_1*(D95*(LL-D95))/2 -> 0 | G95: =+qG_1*La^2/2/LL+qG_1/2*(LL-2*D95) -> -29.956709 | H95: =-qG_2*La^2/2*(LL-D95)/LL+qG_2*(D95*(LL-D95))/2 -> 0 | I95: =+qG_2*La^2/2/LL+qG_2/2*(LL-2*D95) -> -22.75 | J95: =-qQ*La^2/2*(LL-D95)/LL -> 0 | K95: =+qQ*La^2/2/LL -> 18 | L95: =qQ*(D95*(LL-D95))/2 -> 0 | M95: =qQ/2*(LL-2*D95) -> -200 | N95: =J95+L95 -> 0 | O95: =K95+M95 -> -182 | Q95: =GammaG*(F95+H95)+GammaQ*J95 -> 0 | R95: =GammaG*(G95+I95)+GammaQ*K95 -> -44.154057 | S95: =GammaG*(F95+H95)+GammaQ*L95 -> 0 | T95: =GammaG*(G95+I95)+GammaQ*M95 -> -371.15406 | U95: =GammaG*(F95+H95)+GammaQ*N95 -> 0 | V95: =GammaG*(G95+I95)+GammaQ*O95 -> -344.15406 | W95: =D95 -> 10
E98: Mmax | F98: =MAX(F$64:F$95) -> 68.143283 | H98: =MAX(H$64:H$95) -> 51.75 | J98: =MAX(J$64:J$95) -> 0 | L98: =MAX(L$64:L$95) -> 500 | N98: =MAX(N$64:N$95) -> 414 | Q98: =MAX(Q$64:Q$95) -> 62.090027 | S98: =MAX(S$64:S$95) -> 910.29211 | U98: =MAX(U$64:U$95) -> 782.85593
E99: Mmin | F99: =MIN(F$64:F$95) -> -29.627514 | H99: =MIN(H$64:H$95) -> -22.5 | J99: =MIN(J$64:J$95) -> -180 | L99: =MIN(L$64:L$95) -> 0 | N99: =MIN(N$64:N$95) -> -180 | Q99: =MIN(Q$64:Q$95) -> -340.37214 | S99: =MIN(S$64:S$95) -> -70.372144 | U99: =MIN(U$64:U$95) -> -340.37214
E100: Vmax | G100: =MAX(G$64:G$95) -> 35.882212 | I100: =MAX(I$64:I$95) -> 27.25 | K100: =MAX(K$64:K$95) -> 18 | M100: =MAX(M$64:M$95) -> 200 | O100: =MAX(O$64:O$95) -> 218 | R100: =MAX(R$64:R$95) -> 112.22849 | T100: =MAX(T$64:T$95) -> 385.22849 | V100: =MAX(V$64:V$95) -> 412.22849
E101: Vmin | G101: =MIN(G$64:G$95) -> -29.956709 | I101: =MIN(I$64:I$95) -> -22.75 | K101: =MIN(K$64:K$95) -> -120 | M101: =MIN(M$64:M$95) -> -200 | O101: =MIN(O$64:O$95) -> -182 | R101: =MIN(R$64:R$95) -> -226.91476 | T101: =MIN(T$64:T$95) -> -371.15406 | V101: =MIN(V$64:V$95) -> -344.15406
P104: MedMax | Q104: =MAX(Q98:U98) -> 910.29211
P105: MedMin | Q105: =MIN(Q99:U99) -> -340.37214
P106: VedMax | Q106: =MAX(R100:V100) -> 412.22849
P107: VEdMin | Q107: =MIN(R101:V101) -> -371.15406

Sheet Connexion
C4: diametre | D4: 19 | E4: mm
C5: hauteur | D5: 100 | E5: mm
C6: fu | D6: 450 | E6: MPa
C9: PRd dalle pleine
C10: PRda | D10: =0.8*Fusc*PI()*dsc^2/4000/GammaV -> 81.656276 | E10: kN
C11: PRdc | D11: =0.29*dsc^2*SQRT(Fck*Ecm*1000)/GammaV/1000 -> 91.466238 | E11: kN
C12: PRd | D12: =MIN(PRda,PRdc) -> 81.656276 | E12: kN
C14: Coef de réduction
C15: nr | D15: kt | E15: ktmax | F15: kt
C16: 1 | D16: =0.7/SQRT(C16)*bm/hbac*(hsc/hbac-1) -> 0.71227705 | E16: 0.75 | F16: =MIN(D16:E16) -> 0.71227705
C17: 2 | D17: =0.7/SQRT(C17)*bm/hbac*(hsc/hbac-1) -> 0.50365593 | E17: 0.6 | F17: =MIN(D17:E17) -> 0.50365593
C20: PRd dalle mixte
C21: nr | D21: PRd
C22: 1 | D22: =F16*PRd_dp -> 58.161892 | E22: kN
C23: 2 | D23: =F17*PRd_dp -> 41.126668 | E23: kN
C27: Nombre de nervures en consoles
D28: =(La/ebac)*1000 -> 14.492754
D29: =INT(D28) -> 14
C30: Degré de connexion console
C31: nr | D31: d
C32: 1 | D32: =D29*D22/Ns -> 1.1177529 | F32: =Ns -> 728.48525 | G32: kN | H32: =D29*D22 -> 814.26648 | I32: =D28*D22 -> 842.92597
C33: 2 | D33: =D29*D23*C23/Ns -> 1.5807413
D35: Longueur | E35: nr | F35: PRd | G35: Prd/u
C36: Zone 1 | D36: 0 | E36: 2 | F36: =IF(E36=2,$D$23,$D$22) -> 41.126668 | G36: =F36*E36/(ebac/1000) -> 397.35911 | J36: =G36*D36 -> 0
C37: Zone 2 | D37: =LL-D36 -> 10 | E37: 2 | F37: =IF(E37=2,$D$23,$D$22) -> 41.126668 | G37: =F37*E37/(ebac/1000) -> 397.35911 | J37: =G37*D37 -> 3973.5911
C40: Longueur de chaque zone requise pour le moment négatif : L1
C41: Longueur restante : L2
D42: L1 | E42: L2
C43: Zone 1 | D43: =MIN(Ns/G36,D36) -> 0 | E43: =D36-D43 -> 0
C44: Zone 2 | D44: =IF(Ns/G36>D36,(Ns-G36*D36)/G37,0) -> 1.8333171 | E44: =D37-D44 -> 8.1666829
C48: Position du point de moment maxi
C50: ELU | D50: 1 | E50: 2 | F50: 3
C51: MEd | D51: =MAX(Feuil1!Q75:Q95) -> 62.090027 | E51: =MAX(Feuil1!S75:S95) -> 910.29211 | F51: =MAX(Feuil1!U75:U95) -> 782.85593
C52: x | D52: 7.1 | E52: 5 | F52: 5.3 | H52: 7
C53: RConnex G | D53: =($D$36-$D$43)*$G$36+(D52-$D$36-$D$44)*$G$37 -> 2092.7644 | E53: =($D$36-$D$43)*$G$36+(E52-$D$36-$D$44)*$G$37 -> 1258.3103 | F53: =($D$36-$D$43)*$G$36+(F52-$D$36-$D$44)*$G$37 -> 1377.518
C54: RConnex D | D54: =(LL-D52)*$G$37 -> 1152.3414 | E54: =(LL-E52)*$G$37 -> 1986.7956 | F54: =(LL-F52)*$G$37 -> 1867.5878
C55: RConnex | D55: =MIN(D53:D54) -> 1152.3414 | E55: =MIN(E53:E54) -> 1258.3103 | F55: =MIN(F53:F54) -> 1377.518
C57: Na | D57: =Feuil1!O24 -> 2581.888 | E57: kN
C58: Nc | D58: =Nc -> 3034.5 | E58: kN
C59: Eta | D59: =D55/MIN($D$57:$D$58) -> 0.44631735 | E59: =E55/MIN($D$57:$D$58) -> 0.48736053 | F59: =F55/MIN($D$57:$D$58) -> 0.53353129
C60: EtaMin | D60: =MAX(0.4,1-(355/Fy)*(0.75-0.03*Le)) -> 0.505 | G60: Le | H60: =0.85*LL -> 8.5 | I60: m
C61: Degré mini connexion
C64: Nc | D64: =Nc -> 3034.5 | E64: kN
C65: Na | D65: =Na -> 2581.888 | E65: kN
C66: Nf | D66: =Nf -> 766.445 | E66: kN | I66: =Nw -> 848.024
C67: Eta Nc | D67: =Nc*D59 -> 1354.35 | E67: =Nc*E59 -> 1478.8955 | F67: =Nc*F59 -> 1619.0007
C69: ANP dans la semelle sup ? | D69: =IF(Na-2*Nf<=D67,oui,non) -> oui | E69: =IF(Na-2*Nf<=E67,oui,non) -> oui | F69: =IF(Na-2*Nf<=F67,oui,non) -> oui
C71: p | D71: =(Na-D67)/2/Nf -> 0.8007998 | E71: =(Na-E67)/2/Nf -> 0.71955098 | F71: =(Na-F67)/2/Nf -> 0.62815161
C72: zn | D72: =D71*tf -> 10.170157 | E72: =E71*tf -> 9.1382974 | F72: =F71*tf -> 7.9775254
C74: MplRd(Eta) | D74: =(D67*(td-tc/2*D59)+Na*Ht/2-(Na-D59*Nc)*D72/2)/1000 -> 612.8023 | E74: =(E67*(td-tc/2*E59)+Na*Ht/2-(Na-E59*Nc)*E72/2)/1000 -> 626.00933 | F74: =(F67*(td-tc/2*F59)+Na*Ht/2-(Na-F59*Nc)*F72/2)/1000 -> 640.27285
L78: MplaRd | M78: =Wpl*Fy/GammaM0/1000 -> 361.745 | N78: knM
C79: Résistance en flexion dans la travée principale
C80: Moment positif
C81: Prise en compte du degré de connexion effectif
I82: ANP | M82: ANP | Q82: ANP
C83: x | D83: zone | E83: nPRd | F83: Eta | G83: MplRd | I83: Sem sup ? | J83: p | K83: zn | L83: MplRd | M83: congés ? | N83: p | O83: zn | P83: MplRd | Q83: âme | R83: p | S83: zn | T83: MplRd
B84: =Feuil1!C75 -> 1 | C84: =Feuil1!D75 -> 0 | D84: =IF(C84<$D$36,1,2) -> 2 | E84: =IF(D84=1,IF(C84<=$D$43,0,C84*$G$36),IF(C84-$D$36<$D$44,0,MIN((C84-$D$36-$D$44)*$G$37,(LL-C84)*$G$37))) -> 0 | F84: =E84/MIN($D$57:$D$58) -> 0 | G84: =IF(I84=oui,L84,IF(M84=oui,P84,T84)) -> 361.745 | I84: =IF(Na-2*Nf<=E84,oui,non) -> non | J84: =(Na-E84)/(2*Nf) -> 1.684327 | K84: =J84*tf -> 21.390953 | L84: =(E84*(td-tc/2*F84)+Na*Ht/2-(Na-F84*Nc)*K84/2)/1000 -> 437.12532 | M84: =IF(AND(Na-2*Nf>E84,E84>=Nw),oui,non) -> non | N84: =(E84-Nw)/(2*Nr) -> -4.2195704 | O84: =dw/2+N84*rr -> 73.347732 | P84: =MplaRd+E84*(td-F84*tc/2+Ht/2)/1000-Nw*dw/4000+(Nw-E84)*O84/1000 -> 360.64065 | Q84: =IF(Nw>E84,oui,non) -> oui | R84: =E84/2/Nw -> 0 | S84: =R84*dw -> 0 | T84: =MplaRd+E84*(Ht/2+td/2-F84*tc-S84/2)/1000 -> 361.745
B85: =Feuil1!C76 -> 2 | C85: =Feuil1!D76 -> 0.5 | D85: =IF(C85<$D$36,1,2) -> 2 | E85: =IF(D85=1,IF(C85<=$D$43,0,C85*$G$36),IF(C85-$D$36<$D$44,0,MIN((C85-$D$36-$D$44)*$G$37,(LL-C85)*$G$37))) -> 0 | F85: =E85/MIN($D$57:$D$58) -> 0 | G85: =IF(I85=oui,L85,IF(M85=oui,P85,T85)) -> 361.745 | I85: =IF(Na-2*Nf<=E85,oui,non) -> non | J85: =(Na-E85)/(2*Nf) -> 1.684327 | K85: =J85*tf -> 21.390953 | L85: =(E85*(td-tc/2*F85)+Na*Ht/2-(Na-F85*Nc)*K85/2)/1000 -> 437.12532 | M85: =IF(AND(Na-2*Nf>E85,E85>=Nw),oui,non) -> non | N85: =(E85-Nw)/(2*Nr) -> -4.2195704 | O85: =dw/2+N85*rr -> 73.347732 | P85: =MplaRd+E85*(td-F85*tc/2+Ht/2)/1000-Nw*dw/4000+(Nw-E85)*O85/1000 -> 360.64065 | Q85: =IF(Nw>E85,oui,non) -> oui | R85: =E85/2/Nw -> 0 | S85: =R85*dw -> 0 | T85: =MplaRd+E85*(Ht/2+td/2-F85*tc-S85/2)/1000 -> 361.745
B86: =Feuil1!C77 -> 3 | C86: =Feuil1!D77 -> 1 | D86: =IF(C86<$D$36,1,2) -> 2 | E86: =IF(D86=1,IF(C86<=$D$43,0,C86*$G$36),IF(C86-$D$36<$D$44,0,MIN((C86-$D$36-$D$44)*$G$37,(LL-C86)*$G$37))) -> 0 | F86: =E86/MIN($D$57:$D$58) -> 0 | G86: =IF(I86=oui,L86,IF(M86=oui,P86,T86)) -> 361.745 | I86: =IF(Na-2*Nf<=E86,oui,non) -> non | J86: =(Na-E86)/(2*Nf) -> 1.684327 | K86: =J86*tf -> 21.390953 | L86: =(E86*(td-tc/2*F86)+Na*Ht/2-(Na-F86*Nc)*K86/2)/1000 -> 437.12532 | M86: =IF(AND(Na-2*Nf>E86,E86>=Nw),oui,non) -> non | N86: =(E86-Nw)/(2*Nr) -> -4.2195704 | O86: =dw/2+N86*rr -> 73.347732 | P86: =MplaRd+E86*(td-F86*tc/2+Ht/2)/1000-Nw*dw/4000+(Nw-E86)*O86/1000 -> 360.64065 | Q86: =IF(Nw>E86,oui,non) -> oui | R86: =E86/2/Nw -> 0 | S86: =R86*dw -> 0 | T86: =MplaRd+E86*(Ht/2+td/2-F86*tc-S86/2)/1000 -> 361.745
B87: =Feuil1!C78 -> 4 | C87: =Feuil1!D78 -> 1.5 | D87: =IF(C87<$D$36,1,2) -> 2 | E87: =IF(D87=1,IF(C87<=$D$43,0,C87*$G$36),IF(C87-$D$36<$D$44,0,MIN((C87-$D$36-$D$44)*$G$37,(LL-C87)*$G$37))) -> 0 | F87: =E87/MIN($D$57:$D$58) -> 0 | G87: =IF(I87=oui,L87,IF(M87=oui,P87,T87)) -> 361.745 | I87: =IF(Na-2*Nf<=E87,oui,non) -> non | J87: =(Na-E87)/(2*Nf) -> 1.684327 | K87: =J87*tf -> 21.390953 | L87: =(E87*(td-tc/2*F87)+Na*Ht/2-(Na-F87*Nc)*K87/2)/1000 -> 437.12532 | M87: =IF(AND(Na-2*Nf>E87,E87>=Nw),oui,non) -> non | N87: =(E87-Nw)/(2*Nr) -> -4.2195704 | O87: =dw/2+N87*rr -> 73.347732 | P87: =MplaRd+E87*(td-F87*tc/2+Ht/2)/1000-Nw*dw/4000+(Nw-E87)*O87/1000 -> 360.64065 | Q87: =IF(Nw>E87,oui,non) -> oui | R87: =E87/2/Nw -> 0 | S87: =R87*dw -> 0 | T87: =MplaRd+E87*(Ht/2+td/2-F87*tc-S87/2)/1000 -> 361.745
B88: =Feuil1!C79 -> 5 | C88: =Feuil1!D79 -> 2 | D88: =IF(C88<$D$36,1,2) -> 2 | E88: =IF(D88=1,IF(C88<=$D$43,0,C88*$G$36),IF(C88-$D$36<$D$44,0,MIN((C88-$D$36-$D$44)*$G$37,(LL-C88)*$G$37))) -> 66.232969 | F88: =E88/MIN($D$57:$D$58) -> 0.025652921 | G88: =IF(I88=oui,L88,IF(M88=oui,P88,T88)) -> 377.46358 | I88: =IF(Na-2*Nf<=E88,oui,non) -> non | J88: =(Na-E88)/(2*Nf) -> 1.6411191 | K88: =J88*tf -> 20.842212 | L88: =(E88*(td-tc/2*F88)+Na*Ht/2-(Na-F88*Nc)*K88/2)/1000 -> 447.19405 | M88: =IF(AND(Na-2*Nf>E88,E88>=Nw),oui,non) -> non | N88: =(E88-Nw)/(2*Nr) -> -3.8900106 | O88: =dw/2+N88*rr -> 79.27981 | P88: =MplaRd+E88*(td-F88*tc/2+Ht/2)/1000-Nw*dw/4000+(Nw-E88)*O88/1000 -> 380.89131 | Q88: =IF(Nw>E88,oui,non) -> oui | R88: =E88/2/Nw -> 0.039051353 | S88: =R88*dw -> 11.660734 | T88: =MplaRd+E88*(Ht/2+td/2-F88*tc-S88/2)/1000 -> 377.46358
B89: =Feuil1!C80 -> 6 | C89: =Feuil1!D80 -> 2.5 | D89: =IF(C89<$D$36,1,2) -> 2 | E89: =IF(D89=1,IF(C89<=$D$43,0,C89*$G$36),IF(C89-$D$36<$D$44,0,MIN((C89-$D$36-$D$44)*$G$37,(LL-C89)*$G$37))) -> 264.91252 | F89: =E89/MIN($D$57:$D$58) -> 0.10260419 | G89: =IF(I89=oui,L89,IF(M89=oui,P89,T89)) -> 418.51383 | I89: =IF(Na-2*Nf<=E89,oui,non) -> non | J89: =(Na-E89)/(2*Nf) -> 1.511508 | K89: =J89*tf -> 19.196152 | L89: =(E89*(td-tc/2*F89)+Na*Ht/2-(Na-F89*Nc)*K89/2)/1000 -> 476.40718 | M89: =IF(AND(Na-2*Nf>E89,E89>=Nw),oui,non) -> non | N89: =(E89-Nw)/(2*Nr) -> -2.9014272 | O89: =dw/2+N89*rr -> 97.07431 | P89: =MplaRd+E89*(td-F89*tc/2+Ht/2)/1000-Nw*dw/4000+(Nw-E89)*O89/1000 -> 436.18951 | Q89: =IF(Nw>E89,oui,non) -> oui | R89: =E89/2/Nw -> 0.156194 | S89: =R89*dw -> 46.639529 | T89: =MplaRd+E89*(Ht/2+td/2-F89*tc-S89/2)/1000 -> 418.51383
B90: =Feuil1!C81 -> 7 | C90: =Feuil1!D81 -> 3 | D90: =IF(C90<$D$36,1,2) -> 2 | E90: =IF(D90=1,IF(C90<=$D$43,0,C90*$G$36),IF(C90-$D$36<$D$44,0,MIN((C90-$D$36-$D$44)*$G$37,(LL-C90)*$G$37))) -> 463.59208 | F90: =E90/MIN($D$57:$D$58) -> 0.17955546 | G90: =IF(I90=oui,L90,IF(M90=oui,P90,T90)) -> 450.41294 | I90: =IF(Na-2*Nf<=E90,oui,non) -> non | J90: =(Na-E90)/(2*Nf) -> 1.3818969 | K90: =J90*tf -> 17.550091 | L90: =(E90*(td-tc/2*F90)+Na*Ht/2-(Na-F90*Nc)*K90/2)/1000 -> 504.13515 | M90: =IF(AND(Na-2*Nf>E90,E90>=Nw),oui,non) -> non | N90: =(E90-Nw)/(2*Nr) -> -1.9128439 | O90: =dw/2+N90*rr -> 114.86881 | P90: =MplaRd+E90*(td-F90*tc/2+Ht/2)/1000-Nw*dw/4000+(Nw-E90)*O90/1000 -> 483.31613 | Q90: =IF(Nw>E90,oui,non) -> oui | R90: =E90/2/Nw -> 0.27333665 | S90: =R90*dw -> 81.618324 | T90: =MplaRd+E90*(Ht/2+td/2-F90*tc-S90/2)/1000 -> 450.41294
B91: =Feuil1!C82 -> 8 | C91: =Feuil1!D82 -> 3.5 | D91: =IF(C91<$D$36,1,2) -> 2 | E91: =IF(D91=1,IF(C91<=$D$43,0,C91*$G$36),IF(C91-$D$36<$D$44,0,MIN((C91-$D$36-$D$44)*$G$37,(LL-C91)*$G$37))) -> 662.27164 | F91: =E91/MIN($D$57:$D$58) -> 0.25650672 | G91: =IF(I91=oui,L91,IF(M91=oui,P91,T91)) -> 473.16092 | I91: =IF(Na-2*Nf<=E91,oui,non) -> non | J91: =(Na-E91)/(2*Nf) -> 1.2522858 | K91: =J91*tf -> 15.90403 | L91: =(E91*(td-tc/2*F91)+Na*Ht/2-(Na-F91*Nc)*K91/2)/1000 -> 530.37797 | M91: =IF(AND(Na-2*Nf>E91,E91>=Nw),oui,non) -> non | N91: =(E91-Nw)/(2*Nr) -> -0.92426061 | O91: =dw/2+N91*rr -> 132.66331 | P91: =MplaRd+E91*(td-F91*tc/2+Ht/2)/1000-Nw*dw/4000+(Nw-E91)*O91/1000 -> 522.27116 | Q91: =IF(Nw>E91,oui,non) -> oui | R91: =E91/2/Nw -> 0.3904793 | S91: =R91*dw -> 116.59712 | T91: =MplaRd+E91*(Ht/2+td/2-F91*tc-S91/2)/1000 -> 473.16092
B92: =Feuil1!C83 -> 9 | C92: =Feuil1!D83 -> 4 | D92: =IF(C92<$D$36,1,2) -> 2 | E92: =IF(D92=1,IF(C92<=$D$43,0,C92*$G$36),IF(C92-$D$36<$D$44,0,MIN((C92-$D$36-$D$44)*$G$37,(LL-C92)*$G$37))) -> 860.95119 | F92: =E92/MIN($D$57:$D$58) -> 0.33345799 | G92: =IF(I92=oui,L92,IF(M92=oui,P92,T92)) -> 553.0546 | I92: =IF(Na-2*Nf<=E92,oui,non) -> non | J92: =(Na-E92)/(2*Nf) -> 1.1226747 | K92: =J92*tf -> 14.257969 | L92: =(E92*(td-tc/2*F92)+Na*Ht/2-(Na-F92*Nc)*K92/2)/1000 -> 555.13564 | M92: =IF(AND(Na-2*Nf>E92,E92>=Nw),oui,non) -> oui | N92: =(E92-Nw)/(2*Nr) -> 0.064322701 | O92: =dw/2+N92*rr -> 150.45781 | P92: =MplaRd+E92*(td-F92*tc/2+Ht/2)/1000-Nw*dw/4000+(Nw-E92)*O92/1000 -> 553.0546 | Q92: =IF(Nw>E92,oui,non) -> non | R92: =E92/2/Nw -> 0.50762195 | S92: =R92*dw -> 151.57591 | T92: =MplaRd+E92*(Ht/2+td/2-F92*tc-S92/2)/1000 -> 486.75775
B93: =Feuil1!C84 -> 10 | C93: =Feuil1!D84 -> 4.5 | D93: =IF(C93<$D$36,1,2) -> 2 | E93: =IF(D93=1,IF(C93<=$D$43,0,C93*$G$36),IF(C93-$D$36<$D$44,0,MIN((C93-$D$36-$D$44)*$G$37,(LL-C93)*$G$37))) -> 1059.6307 | F93: =E93/MIN($D$57:$D$58) -> 0.41040926 | G93: =IF(I93=oui,L93,IF(M93=oui,P93,T93)) -> 578.40816 | I93: =IF(Na-2*Nf<=E93,oui,non) -> oui | J93: =(Na-E93)/(2*Nf) -> 0.9930636 | K93: =J93*tf -> 12.611908 | L93: =(E93*(td-tc/2*F93)+Na*Ht/2-(Na-F93*Nc)*K93/2)/1000 -> 578.40816 | M93: =IF(AND(Na-2*Nf>E93,E93>=Nw),oui,non) -> non | N93: =(E93-Nw)/(2*Nr) -> 1.052906 | O93: =dw/2+N93*rr -> 168.25231 | P93: =MplaRd+E93*(td-F93*tc/2+Ht/2)/1000-Nw*dw/4000+(Nw-E93)*O93/1000 -> 575.66645 | Q93: =IF(Nw>E93,oui,non) -> non | R93: =E93/2/Nw -> 0.6247646 | S93: =R93*dw -> 186.55471 | T93: =MplaRd+E93*(Ht/2+td/2-F93*tc-S93/2)/1000 -> 491.20346
B94: =Feuil1!C85 -> 11 | C94: =Feuil1!D85 -> 5 | D94: =IF(C94<$D$36,1,2) -> 2 | E94: =IF(D94=1,IF(C94<=$D$43,0,C94*$G$36),IF(C94-$D$36<$D$44,0,MIN((C94-$D$36-$D$44)*$G$37,(LL-C94)*$G$37))) -> 1258.3103 | F94: =E94/MIN($D$57:$D$58) -> 0.48736053 | G94: =IF(I94=oui,L94,IF(M94=oui,P94,T94)) -> 600.19553 | I94: =IF(Na-2*Nf<=E94,oui,non) -> oui | J94: =(Na-E94)/(2*Nf) -> 0.86345251 | K94: =J94*tf -> 10.965847 | L94: =(E94*(td-tc/2*F94)+Na*Ht/2-(Na-F94*Nc)*K94/2)/1000 -> 600.19553 | M94: =IF(AND(Na-2*Nf>E94,E94>=Nw),oui,non) -> non | N94: =(E94-Nw)/(2*Nr) -> 2.0414893 | O94: =dw/2+N94*rr -> 186.04681 | P94: =MplaRd+E94*(td-F94*tc/2+Ht/2)/1000-Nw*dw/4000+(Nw-E94)*O94/1000 -> 590.10672 | Q94: =IF(Nw>E94,oui,non) -> non | R94: =E94/2/Nw -> 0.74190725 | S94: =R94*dw -> 221.5335 | T94: =MplaRd+E94*(Ht/2+td/2-F94*tc-S94/2)/1000 -> 486.49802
B95: =Feuil1!C86 -> 12 | C95: =Feuil1!D86 -> 5.5 | D95: =IF(C95<$D$36,1,2) -> 2 | E95: =IF(D95=1,IF(C95<=$D$43,0,C95*$G$36),IF(C95-$D$36<$D$44,0,MIN((C95-$D$36-$D$44)*$G$37,(LL-C95)*$G$37))) -> 1456.9899 | F95: =E95/MIN($D$57:$D$58) -> 0.56431179 | G95: =IF(I95=oui,L95,IF(M95=oui,P95,T95)) -> 620.49775 | I95: =IF(Na-2*Nf<=E95,oui,non) -> oui | J95: =(Na-E95)/(2*Nf) -> 0.73384141 | K95: =J95*tf -> 9.3197859 | L95: =(E95*(td-tc/2*F95)+Na*Ht/2-(Na-F95*Nc)*K95/2)/1000 -> 620.49775 | M95: =IF(AND(Na-2*Nf>E95,E95>=Nw),oui,non) -> non | N95: =(E95-Nw)/(2*Nr) -> 3.0300726 | O95: =dw/2+N95*rr -> 203.84131 | P95: =MplaRd+E95*(td-F95*tc/2+Ht/2)/1000-Nw*dw/4000+(Nw-E95)*O95/1000 -> 596.37539 | Q95: =IF(Nw>E95,oui,non) -> non | R95: =E95/2/Nw -> 0.8590499 | S95: =R95*dw -> 256.5123 | T95: =MplaRd+E95*(Ht/2+td/2-F95*tc-S95/2)/1000 -> 472.64145
... B104: =Feuil1!C95 -> 21 | C104: =Feuil1!D95 -> 10 | D104: =IF(C104<$D$36,1,2) -> 2 | E104: =IF(D104=1,IF(C104<=$D$43,0,C104*$G$36),IF(C104-$D$36<$D$44,0,MIN((C104-$D$36-$D$44)*$G$37,(LL-C104)*$G$37))) -> 0 | F104: =E104/MIN($D$57:$D$58) -> 0 | G104: =IF(I104=oui,L104,IF(M104=oui,P104,T104)) -> 361.745 | I104: =IF(Na-2*Nf<=E104,oui,non) -> non | J104: =(Na-E104)/(2*Nf) -> 1.684327 | K104: =J104*tf -> 21.390953 | L104: =(E104*(td-tc/2*F104)+Na*Ht/2-(Na-F104*Nc)*K104/2)/1000 -> 437.12532 | M104: =IF(AND(Na-2*Nf>E104,E104>=Nw),oui,non) -> non | N104: =(E104-Nw)/(2*Nr) -> -4.2195704 | O104: =dw/2+N104*rr -> 73.347732 | P104: =MplaRd+E104*(td-F104*tc/2+Ht/2)/1000-Nw*dw/4000+(Nw-E104)*O104/1000 -> 360.64065 | Q104: =IF(Nw>E104,oui,non) -> oui | R104: =E104/2/Nw -> 0 | S104: =R104*dw -> 0 | T104: =MplaRd+E104*(Ht/2+td/2-F104*tc-S104/2)/1000 -> 361.745
G109: Vérification
G110: ELU01 | I110: ELU02 | K110: ELU03
E111: =B84 -> 1 | F111: =C84 -> 0 | G111: =Feuil1!Q75 -> -340.37214 | H111: =IF(G111>0,G111/$G84,0) -> 0 | I111: =Feuil1!S75 -> -70.372144 | J111: =IF(I111>0,I111/$G84,0) -> 0 | K111: =Feuil1!U75 -> -340.37214 | L111: =IF(K111>0,K111/$G84,0) -> 0
E112: =B85 -> 2 | F112: =C85 -> 0.5 | G112: =Feuil1!Q76 -> -286.21268 | H112: =IF(G112>0,G112/$G85,0) -> 0 | I112: =Feuil1!S76 -> 112.78732 | J112: =IF(I112>0,I112/$G85,0) -> 0.3117868 | K112: =Feuil1!U76 -> -143.71268 | L112: =IF(K112>0,K112/$G85,0) -> 0
E113: =B86 -> 3 | F113: =C86 -> 1 | G113: =Feuil1!Q77 -> -235.96279 | H113: =IF(G113>0,G113/$G86,0) -> 0 | I113: =Feuil1!S77 -> 277.03721 | J113: =IF(I113>0,I113/$G86,0) -> 0.76583564 | K113: =Feuil1!U77 -> 34.037214 | L113: =IF(K113>0,K113/$G86,0) -> 0.094091734
E114: =B87 -> 4 | F114: =C87 -> 1.5 | G114: =Feuil1!Q78 -> -189.62245 | H114: =IF(G114>0,G114/$G87,0) -> 0 | I114: =Feuil1!S78 -> 422.37755 | J114: =IF(I114>0,I114/$G87,0) -> 1.1676113 | K114: =Feuil1!U78 -> 192.87755 | L114: =IF(K114>0,K114/$G87,0) -> 0.53318649
E115: =B88 -> 5 | F115: =C88 -> 2 | G115: =Feuil1!Q79 -> -147.19168 | H115: =IF(G115>0,G115/$G88,0) -> 0 | I115: =Feuil1!S79 -> 548.80832 | J115: =IF(I115>0,I115/$G88,0) -> 1.4539371 | K115: =Feuil1!U79 -> 332.80832 | L115: =IF(K115>0,K115/$G88,0) -> 0.8816965
E116: =B89 -> 6 | F116: =C89 -> 2.5 | G116: =Feuil1!Q80 -> -108.67047 | H116: =IF(G116>0,G116/$G89,0) -> 0 | I116: =Feuil1!S80 -> 656.32953 | J116: =IF(I116>0,I116/$G89,0) -> 1.5682386 | K116: =Feuil1!U80 -> 453.82953 | L116: =IF(K116>0,K116/$G89,0) -> 1.0843836
E117: =B90 -> 7 | F117: =C90 -> 3 | G117: =Feuil1!Q81 -> -74.058831 | H117: =IF(G117>0,G117/$G90,0) -> 0 | I117: =Feuil1!S81 -> 744.94117 | J117: =IF(I117>0,I117/$G90,0) -> 1.6539071 | K117: =Feuil1!U81 -> 555.94117 | L117: =IF(K117>0,K117/$G90,0) -> 1.2342922
E118: =B91 -> 8 | F118: =C91 -> 3.5 | G118: =Feuil1!Q82 -> -43.356751 | H118: =IF(G118>0,G118/$G91,0) -> 0 | I118: =Feuil1!S82 -> 814.64325 | J118: =IF(I118>0,I118/$G91,0) -> 1.7217044 | K118: =Feuil1!U82 -> 639.14325 | L118: =IF(K118>0,K118/$G91,0) -> 1.3507947
E119: =B92 -> 9 | F119: =C92 -> 4 | G119: =Feuil1!Q83 -> -16.564235 | H119: =IF(G119>0,G119/$G92,0) -> 0 | I119: =Feuil1!S83 -> 865.43576 | J119: =IF(I119>0,I119/$G92,0) -> 1.5648288 | K119: =Feuil1!U83 -> 703.43576 | L119: =IF(K119>0,K119/$G92,0) -> 1.2719102
E120: =B93 -> 10 | F120: =C93 -> 4.5 | G120: =Feuil1!Q84 -> 6.3187174 | H120: =IF(G120>0,G120/$G93,0) -> 0.010924323 | I120: =Feuil1!S84 -> 897.31872 | J120: =IF(I120>0,I120/$G93,0) -> 1.551359 | K120: =Feuil1!U84 -> 748.81872 | L120: =IF(K120>0,K120/$G93,0) -> 1.2946199
E121: =B94 -> 11 | F121: =C94 -> 5 | G121: =Feuil1!Q85 -> 25.292106 | H121: =IF(G121>0,G121/$G94,0) -> 0.042139778 | I121: =Feuil1!S85 -> 910.29211 | J121: =IF(I121>0,I121/$G94,0) -> 1.5166593 | K121: =Feuil1!U85 -> 775.29211 | L121: =IF(K121>0,K121/$G94,0) -> 1.2917326
E122: =B95 -> 12 | F122: =C95 -> 5.5 | G122: =Feuil1!Q86 -> 40.355932 | H122: =IF(G122>0,G122/$G95,0) -> 0.065037999 | I122: =Feuil1!S86 -> 904.35593 | J122: =IF(I122>0,I122/$G95,0) -> 1.4574685 | K122: =Feuil1!U86 -> 782.85593 | L122: =IF(K122>0,K122/$G95,0) -> 1.261658
... E131: =B104 -> 21 | F131: =C104 -> 10 | G131: =Feuil1!Q95 -> 0 | H131: =IF(G131>0,G131/$G104,0) -> 0 | I131: =Feuil1!S95 -> 0 | J131: =IF(I131>0,I131/$G104,0) -> 0 | K131: =Feuil1!U95 -> 0 | L131: =IF(K131>0,K131/$G104,0) -> 0
H134: =MAX(H111:H131) -> 0.11801876 | J134: =MAX(J111:J131) -> 1.7217044 | L134: =MAX(L111:L131) -> 1.3507947
